"","name","assay","n_gt_cutoff","cutoff","fit_method","top_over_cutoff","rmse","a","b","tp","p","q","ga","la","er","bmr","bmdl","bmdu","caikwt","mll","hitcall","ac50","ac50_loss","top","ac5","ac10","ac20","acc","ac1sd","bmd","conc","resp","errfun","exp"
"1","Ca-074-Me","Mahalanobis distance (cutoff = 1)",21,2.99453371046163,"exp3",12.7034394198662,3.33052427731463,3.41111933672819,0.47318346556784,NA,0.300010260204872,NA,NA,NA,0.939408824112722,4.03962597541273,0.192064842034199,0.224529372716336,7.75327656706812e-18,-62.2732034112524,0.999999999999829,3.90386874631822,NA,38.0408775815964,0.0313975312765709,0.180692693330132,0.80450797481429,0.101510314471583,0.101510314471583,0.207835107025157,"10|10|10|7.5|7.5|7.5|3.16227766016838|3.16227766016838|3.16227766016838|1|1|1|0.316227766016838|0.316227766016838|0.316227766016838|0.1|0.1|0.1|0.0316227766016838|0.0316227766016838|0.0316227766016838|0.01|0.01|0.01","37.9920054087404|34.9719592329149|36.8792994573926|34.808234503398|33.4285566452351|40.7955122538911|17.5491664080192|12.0168081840678|12.0768962545209|6.6205113640124|7.50788548587171|6.16263062416768|7.36520685837072|4.7688550027433|3.78201724128405|4.83599694119871|5.8586517604262|6.56644494834988|0.834338121297479|4.34495145751104|3.76835072177284|1.79541750441871|0.416711846832874|5.69329796102055","dt4","Definitive_rep1"
"2","Tetrandrine","Mahalanobis distance (cutoff = 1)",24,2.99453371046163,"poly2",21.6787396479631,8.28612505764363,-328.53794081225,-15.2432593337413,NA,NA,NA,NA,NA,1.9902027484476,4.03962597541273,0.180434388591436,0.201980322395038,1.10654420424972e-13,-84.2447559697239,0.999999999996764,1.69433182010181,NA,64.9177166761466,0.152118245267389,0.307399497126171,0.628298045027032,0.140228159371679,0.140228159371679,0.189790608145672,"11.1111111111111|11.1111111111111|11.1111111111111|3.7037037037037|3.7037037037037|3.7037037037037|1.23456790123457|1.23456790123457|1.23456790123457|0.411522633744856|0.411522633744856|0.411522633744856|0.137174211248285|0.137174211248285|0.137174211248285|0.0316227766016838|0.0316227766016838|0.0316227766016838|0.01|0.01|0.01|0.00316227766016838|0.00316227766016838|0.00316227766016838","66.2853481242424|62.677088090381|65.4776982462729|62.1760079725678|64.3486663623144|59.4416059650492|14.1339751347003|15.9777426568638|17.8694339813169|11.7885699774395|16.4014112378863|21.0300697978467|12.8038307378205|7.82117953662318|18.0963399378012|12.8042316081925|9.0690072315683|4.90767605658539|12.4570220335747|11.7939629000098|5.48990085378115|15.7291392273953|4.41469582449212|3.65455690174925","dt4","Definitive_rep1"
"3","Fluphenazine","Mahalanobis distance (cutoff = 1)",24,2.99453371046163,"exp3",11.267756296526,37.8302272575899,8.00246361638347,2.08557286101872,NA,0.300000490221481,NA,NA,NA,1.7469967301795,4.03962597541273,0.083357544094674,0.148063114674812,6.28926159949035e-07,-90.5758937952599,0.999999358281165,3.17195299855045,NA,33.7416760712135,0.00841264909242439,0.0641105703581011,0.40488144487135,0.0457164735165114,0.0457164735165114,0.105624026988275,"11.1111111111111|11.1111111111111|11.1111111111111|3.7037037037037|3.7037037037037|3.7037037037037|1.23456790123457|1.23456790123457|1.23456790123457|0.411522633744856|0.411522633744856|0.411522633744856|0.137174211248285|0.137174211248285|0.137174211248285|0.0316227766016838|0.0316227766016838|0.0316227766016838|0.01|0.01|0.01|0.00316227766016838|0.00316227766016838|0.00316227766016838","38.2473958765681|38.1633998909347|29.589687012066|11.4562287881575|201.508170039682|4.94979216339081|7.64216738234308|9.24181754095924|8.8693498561569|4.47590074891381|7.22133922460752|7.6756247024757|8.7776265546861|7.99438831690718|4.56025067342946|6.35015773004888|13.412856253551|11.4830713671367|3.53998420210738|7.28202402866528|4.41448870809969|9.66754264541106|11.2225697829088|4.37873100444459","dt4","Definitive_rep1"
"4","Berberine chloride","Mahalanobis distance (cutoff = 1)",22,2.99453371046163,"exp3",16.8965302940872,4.66637838282491,17.6364236667111,36.5079383373581,NA,0.300011136937322,NA,NA,NA,1.14735702143199,4.03962597541273,0.171487923438373,0.209340642560076,2.27971114840535e-19,-68.9760036059717,1,24.7309768048736,NA,50.5972295554803,0.0450132187314207,0.370206435476293,2.61593489852451,0.0759540916138746,0.0759540916138746,0.189260558335284,"100|100|100|75|75|75|33.3333333333333|33.3333333333333|33.3333333333333|11.1111111111111|11.1111111111111|11.1111111111111|3.7037037037037|3.7037037037037|3.7037037037037|1.23456790123457|1.23456790123457|1.23456790123457|0.411522633744856|0.411522633744856|0.411522633744856|0.137174211248285|0.137174211248285|0.137174211248285","51.8230312022663|43.5415205415606|49.0491779456714|54.3622673832835|52.8927252698678|43.620988507712|27.3577514875144|29.6017030863193|28.1842750981597|30.5361854356626|14.5452673639981|11.903224811994|15.0098913981328|12.1533589526888|7.86642890532779|9.67783352091245|9.69010315248886|7.07049402209972|4.66891443897181|5.06325632731554|7.68885800694608|1.86418983570528|2.62114195320837|5.02536648294144","dt4","Definitive_rep1"
"5","Rapamycin","Mahalanobis distance (cutoff = 1)",24,2.99453371046163,"hill",21.3169753100118,9.78909133081258,NA,NA,63.8344011709084,0.300000000225843,NA,2.94237297650697,NA,1.98970407577563,4.03962597541273,0.000178210127110891,0.000748668643677545,1.06732245540521e-12,-88.123355388284,0.999999999998929,2.94237297650697,NA,63.8344011709084,0.000160762859818711,0.00194039148808835,0.0289621692393683,0.000128578261808613,0.000128578261808613,0.00036950823503507,"20|20|20|15|15|15|6.32455532033676|6.32455532033676|6.32455532033676|2|2|2|0.632455532033676|0.632455532033676|0.632455532033676|0.2|0.2|0.2|0.0632455532033676|0.0632455532033676|0.0632455532033676|0.02|0.02|0.02","56.6621559282943|56.5483384495571|40.9004439089631|48.0072925982779|43.7058954769796|27.2715477368598|23.5520050224292|21.4998934756929|24.397072812346|58.8166609293488|28.4892415930717|28.3458464978625|20.9003817584433|20.2105422327482|20.0768651203012|20.5610960846384|19.0063967232766|22.0181719156039|15.4672114864544|15.2663983951919|19.0041660610988|23.3421613642947|12.540301284836|18.9058094975102","dt4","Definitive_rep1"
"6","Amperozide","Mahalanobis distance (cutoff = 1)",21,2.99453371046163,"exp3",36.8187729497489,6.76765949009764,3.87243223242104,1.2898809143824,NA,0.300002341949142,NA,NA,NA,1.69827627765456,4.03962597541273,0.400057714518322,0.44562626457843,3.54300938030849e-16,-70.1445920379864,0.999999999999752,36.3952526029155,NA,110.255056775856,0.859218169189008,3.48447169642375,10.9820767796467,0.201372098922704,0.201372098922704,0.420634260529678,"75|75|75|33.3333333333333|33.3333333333333|33.3333333333333|11.1111111111111|11.1111111111111|11.1111111111111|3.7037037037037|3.7037037037037|3.7037037037037|1.23456790123457|1.23456790123457|1.23456790123457|0.411522633744856|0.411522633744856|0.411522633744856|0.137174211248285|0.137174211248285|0.137174211248285","99.9230057547175|116.617107425599|109.442662325722|53.8072802747063|56.0205188384826|52.93336203762|13.9449607836895|17.0071644610488|10.9349797388826|7.12634034854127|10.4221097893618|9.92992470682287|10.3141405792563|8.20451465483992|10.6789160015005|5.36981829307047|9.66189949239454|5.13038956690523|20.3981900617482|10.692669375365|11.5891706564307","dt4","Definitive_rep1"
"7","Etoposide","Mahalanobis distance (cutoff = 1)",13,2.99453371046163,"exp5",12.3140762336453,2.68428842977314,NA,NA,36.8749163948451,1.28091016723854,NA,0.524620963066979,NA,0.831422919276431,4.03962597541273,0.11001418411168,0.152049423964598,5.05226918987895e-19,-51.3397178270874,0.999999999999999,0.524620963066979,NA,36.8749163948451,0.0687168599106671,0.120537456917142,0.216548670362045,0.101647798624176,0.101647798624176,0.129963212973072,"7.5|7.5|7.5|3.16227766016838|3.16227766016838|3.16227766016838|1|1|1|0.316227766016838|0.316227766016838|0.316227766016838|0.1|0.1|0.1|0.0316227766016838|0.0316227766016838|0.0316227766016838|0.01|0.01|0.01","30.1492223139115|37.0584640517232|34.8488532703227|37.3329496434369|40.7697304510157|38.1693090933816|32.8446701556982|25.5975115300204|28.4503164796026|14.2742544510556|8.41075615752013|14.3177791091074|1.15867950867626|0.999213542665134|0.565772912237051|2.08211872925227|1.17375517174221|3.96970944816942|1.31656466416407|1.69962294636957|-1.04824838763467","dt4","Definitive_rep1"
"8","Latrunculin B","Mahalanobis distance (cutoff = 1)",20,2.99453371046163,"pow",35.0602959112146,17.7440656804069,35.2668316367977,NA,NA,0.541423051161187,NA,NA,NA,2.00744852055301,4.03962597541273,0.0163795295570402,0.0206540086231872,7.58061515122666e-13,-84.6373894795698,0.99999999999914,2.08479577460868,NA,104.989238004892,0.0296537066902566,0.106678458813871,0.383773053863854,0.0105150366221148,0.0105150366221148,0.0182785124729829,"7.5|7.5|7.5|3.16227766016838|3.16227766016838|3.16227766016838|1|1|1|0.316227766016838|0.316227766016838|0.316227766016838|0.1|0.1|0.1|0.0316227766016838|0.0316227766016838|0.0316227766016838|0.01|0.01|0.01","104.899808398523|87.5259006981187|108.819347554117|66.8141673970009|69.3530390044269|65.9137117083601|87.1721712588282|75.6781894277442|76.9421635217814|11.6638686922669|11.8206677394242|11.5776855791226|8.45072642137127|8.7411048829219|11.7450245636598|5.47758105139676|3.75359041435035|0.021151286265658|7.18058796736529|3.06767019577885|3.2008347968838","dt4","Definitive_rep1"
"9","Fenbendazole","Mahalanobis distance (cutoff = 1)",18,2.99453371046163,"exp3",12.8114304759211,5.31670946852093,6.46461469233422,0.0698714118412975,NA,0.300000406498659,NA,NA,NA,1.3889190858451,4.03962597541273,0.00538459226893247,0.00755710447508654,1.07756738347428e-09,-55.2353723840058,0.999999995952707,0.203488512265155,NA,38.3642604393813,0.000782226768780739,0.00547790855457754,0.0308475174396717,0.0027926220107793,0.0027926220107793,0.00628164115559267,"0.632455532033676|0.632455532033676|0.632455532033676|0.2|0.2|0.2|0.0632455532033676|0.0632455532033676|0.0632455532033676|0.02|0.02|0.02|0.00632455532033676|0.00632455532033676|0.00632455532033676|0.002|0.002|0.002","34.5630508450945|39.1968827702583|46.6680899779264|15.5991626349863|20.4216150252322|13.8355239902888|9.16180151906297|6.87500956224396|10.9992939586406|10.083885155367|4.95130050477971|6.98187318571233|13.7021302500521|6.78528467659061|4.02095733589234|6.55223419263704|8.82045699304849|16.7464130655781","dt4","Definitive_rep1"
"10","Taxol","Mahalanobis distance (cutoff = 1)",12,2.99453371046163,"pow",20.4799743039125,4.43583812352868,145.92866347391,NA,NA,0.436385740210663,NA,NA,NA,1.32313183839569,4.03962597541273,0.000228029078733529,0.000328690500026396,6.6386068887633e-11,-35.3850052665624,0.999999999928774,0.0280186372018253,NA,61.327973442454,0.000143184635685306,0.000701006238152276,0.00343200053257414,0.000135610961698427,0.000135610961698427,0.000269292188424374,"0.137174211248285|0.137174211248285|0.137174211248285|0.0316227766016838|0.0316227766016838|0.0316227766016838|0.01|0.01|0.01|0.00316227766016838|0.00316227766016838|0.00316227766016838","69.2636291105423|62.1378736977845|53.3128461818726|33.6282304163472|25.2575291135636|31.4117922667074|22.5221467707733|16.1462445958283|23.8205949568198|11.9049200753785|14.842605526694|8.9869908560138","dt4","Definitive_rep1"
"11","Ca-074-Me","Mahalanobis distance (cutoff = 1)",13,3.44888860187997,"exp5",12.7290151020939,5.02569001659998,NA,NA,43.9009550987696,2.83013484027904,NA,5.0928987661289,NA,1.23944618506285,4.65255072393608,2.35655724044845,2.99534095239703,1.99763882983045e-14,-71.0709924872478,0.999999999018228,5.0928987661289,NA,43.9009550987696,2.02964705542554,2.61746410719149,3.41221618830782,2.39372573758023,2.39372573758023,2.67481080070658,"10|10|10|7.5|7.5|7.5|3.16227766016838|3.16227766016838|3.16227766016838|1|1|1|0.316227766016838|0.316227766016838|0.316227766016838|0.1|0.1|0.1|0.0316227766016838|0.0316227766016838|0.0316227766016838|0.01|0.01|0.01","51.2912418821656|43.3379687863105|35.168409019917|32.0653984374514|38.7295427554172|47.8650525979682|5.89434761787047|9.9930508569808|5.51611005286141|-0.0278575460357295|1.71620403834612|4.80406642981386|4.71641386211421|3.33118299102426|4.47790156541269|1.20347638232998|2.40536396391083|-1.80536023413237|0.637782241384656|0.851328797052467|0.20334177946582|15.5268293352447|2.33735620020586|0.157689614842742","dt4","Definitive_rep2"
"12","Tetrandrine","Mahalanobis distance (cutoff = 1)",23,3.44888860187997,"poly2",23.5851145256525,10.4811819151263,-343.060432971246,-18.1097754715434,NA,NA,NA,NA,NA,1.92208305571765,4.65255072393608,0.229236711986142,0.280048079911287,5.36393732285375e-14,-85.5829737582,0.999999999996839,2.48910345372583,NA,81.3424326615565,0.2173063335711,0.440092429229872,0.903912061669766,0.18393104761172,0.18393104761172,0.249027305803595,"11.1111111111111|11.1111111111111|11.1111111111111|3.7037037037037|3.7037037037037|3.7037037037037|1.23456790123457|1.23456790123457|1.23456790123457|0.411522633744856|0.411522633744856|0.411522633744856|0.137174211248285|0.137174211248285|0.137174211248285|0.0316227766016838|0.0316227766016838|0.0316227766016838|0.01|0.01|0.01|0.00316227766016838|0.00316227766016838|0.00316227766016838","77.0832466174788|85.6243553436316|81.027005050566|54.5676147518467|57.0278335062404|59.7977842102319|14.0225945531766|14.2501650534037|19.3515405086107|7.74757476643548|15.0437886059245|10.420317303679|9.73314392078466|23.6545842724317|8.40529548098881|18.2790541836613|36.1034642864683|9.92274546998392|2.67612810621902|4.16778524759344|5.90252768659062|6.82980901928481|9.4628172460967|4.10803218295364","dt4","Definitive_rep2"
"13","Fluphenazine","Mahalanobis distance (cutoff = 1)",19,3.44888860187997,"pow",7.18087326935214,11.5614306765649,12.0244586126108,NA,NA,0.300060865133021,NA,NA,NA,2.08145800347189,4.65255072393608,0.0180789960101287,0.141505327975762,0.000161940188265788,-91.2241748190012,0.99983250629789,1.10287860221615,NA,24.7660319702131,0.000512708502323112,0.00516535648209717,0.0520391362075145,0.0155744307012291,0.0155744307012291,0.0422374255910248,"11.1111111111111|11.1111111111111|11.1111111111111|3.7037037037037|3.7037037037037|3.7037037037037|1.23456790123457|1.23456790123457|1.23456790123457|0.411522633744856|0.411522633744856|0.411522633744856|0.137174211248285|0.137174211248285|0.137174211248285|0.0316227766016838|0.0316227766016838|0.0316227766016838|0.01|0.01|0.01|0.00316227766016838|0.00316227766016838|0.00316227766016838","54.5899959508027|34.7642644724689|27.5963760277632|3.80634550956625|4.1270590194204|3.77628036023212|11.4279237802677|11.3329163872665|8.51590818078834|10.454733581238|14.8224111883094|7.04478782779787|9.26408495675026|3.19360784745659|2.80480426965603|2.05110341157968|35.9252805503232|5.91697733246762|2.46957853228218|10.1651614381218|3.38561234286962|13.7293961916571|17.9953193219305|11.5881383919881","dt4","Definitive_rep2"
"14","Berberine chloride","Mahalanobis distance (cutoff = 1)",23,3.44888860187997,"pow",11.9443621945104,4.8206846064433,7.26641943260061,NA,NA,0.37676083431084,NA,NA,NA,1.41237545755235,4.65255072393608,0.248743983333677,0.376997475723014,8.76487163863793e-17,-72.8078321226604,0.999999999999995,15.8856530107406,NA,41.1947746293729,0.035220974929421,0.221715625448997,1.39569727035515,0.13835347639703,0.13835347639703,0.306244483132762,"100|100|100|75|75|75|33.3333333333333|33.3333333333333|33.3333333333333|11.1111111111111|11.1111111111111|11.1111111111111|3.7037037037037|3.7037037037037|3.7037037037037|1.23456790123457|1.23456790123457|1.23456790123457|0.411522633744856|0.411522633744856|0.411522633744856|0.137174211248285|0.137174211248285|0.137174211248285","38.2771091250604|37.6361717114484|42.3840988395479|47.5456701278655|45.9604279638671|43.94540036332|22.1262984394553|23.9337941139327|25.5781655841625|18.7017146210094|15.1581884461449|11.4724792244399|15.6324398279836|11.7488908278971|7.2917623466514|10.230421583612|3.08683375909217|16.0819078715638|5.46504206152786|5.60865905995487|9.64688348777821|3.78500890740917|10.0069551879763|6.29554132539029","dt4","Definitive_rep2"
"15","Rapamycin","Mahalanobis distance (cutoff = 1)",24,3.44888860187997,"pow",12.9848637437963,10.1018799386352,18.2308432277456,NA,NA,0.300000621493811,NA,NA,NA,2.22952470926688,4.65255072393608,0.00663481405447926,0.0180791154442712,1.93915344758866e-10,-91.482162892426,0.9999999997789,1.98426081261932,NA,44.7833485629434,0.000921026927698057,0.00928332527498999,0.0935696075430279,0.00388668814213675,0.00388668814213675,0.0105427027819472,"20|20|20|15|15|15|6.32455532033676|6.32455532033676|6.32455532033676|2|2|2|0.632455532033676|0.632455532033676|0.632455532033676|0.2|0.2|0.2|0.0632455532033676|0.0632455532033676|0.0632455532033676|0.02|0.02|0.02","54.5823853399463|62.7823585234633|53.4126064337161|41.85935201825|32.1238236364187|33.147255519523|17.777420582023|21.0684983951844|18.6403792807055|9.87958753972785|22.2860235556326|18.5638204158343|15.075351225646|11.6941650093455|20.9035603465538|23.0591741733282|18.5568788641349|22.1490696208304|17.5499808445864|17.9680238956625|13.7343956554171|14.119828614224|18.0848765358228|24.4255904913133","dt4","Definitive_rep2"
"16","Amperozide","Mahalanobis distance (cutoff = 1)",21,3.44888860187997,"exp3",24.8810629841643,8.13964461100997,7.53474403972538,3.62174893878649,NA,0.304562716854059,NA,NA,NA,2.07761105103667,4.65255072393608,0.298520043795089,0.3663101116042,7.03617901436141e-13,-74.6392959709349,0.999999999849237,29.8629719236562,NA,85.8120145287418,0.264580685755755,1.47270423325044,6.3615826448816,0.147038283723927,0.147038283723927,0.32725534551412,"75|75|75|33.3333333333333|33.3333333333333|33.3333333333333|11.1111111111111|11.1111111111111|11.1111111111111|3.7037037037037|3.7037037037037|3.7037037037037|1.23456790123457|1.23456790123457|1.23456790123457|0.411522633744856|0.411522633744856|0.411522633744856|0.137174211248285|0.137174211248285|0.137174211248285","92.310600725864|87.6288781479403|80.9175269136714|38.8348358556261|55.542613214492|44.147511495559|9.32847452583159|17.7914778534315|9.49544923260101|14.0287172807477|16.1398534698739|10.4514465432593|8.56240732610263|11.3647390493209|5.11897604985183|10.4537549607429|9.24416104486564|9.04484477485311|13.9468737833128|22.634309626741|16.851866551705","dt4","Definitive_rep2"
"17","Fenbendazole","Mahalanobis distance (cutoff = 1)",17,3.44888860187997,"poly1",11.8206758084749,15.4523816812611,64.4601746644167,NA,NA,NA,NA,NA,NA,2.1505518676214,4.65255072393608,0.0575763796432879,0.0937738258976079,7.73490189591373e-05,-71.5249749328339,0.99991524544927,0.316227766016838,NA,40.7681940623673,0.0316227766016838,0.0632455532033676,0.126491106406735,0.0535041771114502,0.0535041771114502,0.0721771349233463,"0.632455532033676|0.632455532033676|0.632455532033676|0.2|0.2|0.2|0.0632455532033676|0.0632455532033676|0.0632455532033676|0.02|0.02|0.02|0.00632455532033676|0.00632455532033676|0.00632455532033676|0.002|0.002|0.002","87.8013672759825|42.9690398042973|34.7085858057793|7.02062817703642|13.3010223219249|5.5131026278678|7.43967740694248|3.91587545612866|4.93631838548811|12.993679255233|12.7977642220432|4.59094212960229|11.0099491224095|3.64422439304386|4.61453592178276|36.0777369394436|15.1121568042973|2.44973151510388","dt4","Definitive_rep2"
"18","Latrunculin B","Mahalanobis distance (cutoff = 1)",17,3.44888860187997,"poly2",32.7873258120053,12.5023072967544,-518.113842818862,-4.66290740291313,NA,NA,NA,NA,NA,2.37206825864815,4.65255072393608,0.0394126176299701,0.0464325969013032,4.76481939102777e-12,-69.8155846001006,0.99999999980384,0.581318733460511,NA,113.07983427915,0.0514523930244358,0.104093027728818,0.213295355226914,0.0312486311322901,0.0312486311322901,0.0422548132490577,"3.16227766016838|3.16227766016838|3.16227766016838|1|1|1|0.316227766016838|0.316227766016838|0.316227766016838|0.1|0.1|0.1|0.0316227766016838|0.0316227766016838|0.0316227766016838|0.01|0.01|0.01","102.340524167584|115.890259038747|118.731069522063|77.0061187463655|93.2717590824303|113.102471614078|16.7791514032978|29.5440319727259|18.739182514321|6.97996946472014|9.27111227808585|26.8723295215218|4.51418705455872|22.6108206206524|13.9230124704652|2.57375166201273|12.6144394231617|23.5729763148062","dt4","Definitive_rep2"
"19","Taxol","Mahalanobis distance (cutoff = 1)",12,3.44888860187997,"exp4",20.989051605544,8.30878807476914,NA,NA,72.3889008466313,NA,NA,0.0280330104328766,NA,1.86261556998799,4.65255072393608,0.0022559687970534,0.00329885212759845,1.78212086721127e-08,-42.4090155514892,0.999999978595072,0.0280330104328766,NA,72.3889008466313,0.00207445907165234,0.00426110430437461,0.00902461364261352,0.00197427958122522,0.00197427958122522,0.00268663492020662,"0.137174211248285|0.137174211248285|0.137174211248285|0.0316227766016838|0.0316227766016838|0.0316227766016838|0.01|0.01|0.01|0.00316227766016838|0.00316227766016838|0.00316227766016838","70.3428727604837|55.3852493647617|80.6736944051491|40.6213965525198|33.7190060768653|41.4837076021278|15.9655337356369|11.5931480067055|15.3467006776043|13.5796777037996|11.3148141818369|24.0049683072489","dt4","Definitive_rep2"
"20","Etoposide","Mahalanobis distance (cutoff = 1)",9,3.44888860187997,"poly1",8.3370817262299,3.68431423240348,90.9270760778326,NA,NA,NA,NA,NA,NA,1.1735630252057,4.65255072393608,0.0445038097983445,0.0593737982279893,1.79348324734223e-07,-33.376818628079,0.999981473780348,0.158113883008419,NA,28.7536661385361,0.0158113883008419,0.0316227766016838,0.0632455532033676,0.0379302706151879,0.0379302706151879,0.0511679350598885,"0.316227766016838|0.316227766016838|0.316227766016838|0.1|0.1|0.1|0.0316227766016838|0.0316227766016838|0.0316227766016838|0.01|0.01|0.01","23.5352483060571|35.4161793465124|28.4589639355885|7.41215633060117|10.383384376133|10.0137430630181|7.28580405800238|3.49973112622429|-1.28653393419342|-1.00723941991999|-2.61798521769826|6.61594080093027","dt4","Definitive_rep2"
"21","Ca-074-Me","Mahalanobis distance (cutoff = 1)",16,4.0050501989239,"pow",8.70291348389227,3.91911684833426,7.63105665592272,NA,NA,0.659687952123852,NA,NA,NA,1.15387722056988,5.40281271834835,0.527903498639228,0.674316663130007,6.59787260022532e-15,-67.2312484172284,0.999999999964646,3.49685961207817,NA,34.8556053798803,0.106612954717161,0.304881998547838,0.871873716333292,0.376350240181245,0.376350240181245,0.592479297705708,"10|10|10|7.5|7.5|7.5|3.16227766016838|3.16227766016838|3.16227766016838|1|1|1|0.316227766016838|0.316227766016838|0.316227766016838|0.1|0.1|0.1|0.0316227766016838|0.0316227766016838|0.0316227766016838|0.01|0.01|0.01","31.3804991664709|40.4071472001409|34.8795925101702|19.3250120274594|31.9993503937504|29.3849997896233|8.86472324326807|19.18694200457|16.8928300669002|6.36028715070763|6.29684986955195|2.25534181874809|3.50052703374421|4.10221690362245|7.33315627220091|7.4546753358337|3.64698411774884|0.832434484024628|2.39374048295691|4.90820912385547|7.19743527212514|0.347964285139558|-3.48615139351927|1.11446739878245","dt4","Definitive_rep3"
"22","Tetrandrine","Mahalanobis distance (cutoff = 1)",16,4.0050501989239,"exp5",17.2569672602758,7.88472079956551,NA,NA,69.1150201585909,2.36579773745585,NA,2.86551780251862,NA,1.79321394434542,5.40281271834835,1.05170232538391,1.27307035504363,2.84371726699634e-13,-83.1538354814566,0.999999999961357,2.86551780251862,NA,69.1150201585909,0.953322081971401,1.29234951158374,1.77475134160323,1.01644411406159,1.01644411406159,1.15879546333926,"11.1111111111111|11.1111111111111|11.1111111111111|3.7037037037037|3.7037037037037|3.7037037037037|1.23456790123457|1.23456790123457|1.23456790123457|0.411522633744856|0.411522633744856|0.411522633744856|0.137174211248285|0.137174211248285|0.137174211248285|0.0316227766016838|0.0316227766016838|0.0316227766016838|0.01|0.01|0.01|0.00316227766016838|0.00316227766016838|0.00316227766016838","68.032268190166|76.2005872894105|64.0716311808675|46.0196089372729|52.7176063472162|50.6559554937641|6.0998453809175|7.16177700647505|2.59136324799883|11.4614588729442|12.3875021144579|3.27623934841137|2.04837267753418|7.5588963278348|1.61053080672033|21.7971735911438|9.55241143083745|16.5286581034336|2.88409476999095|3.98108557963812|2.76341607339743|9.05846335465974|8.66852934168688|3.99643193753293","dt4","Definitive_rep3"
"23","Etoposide","Mahalanobis distance (cutoff = 1)",17,4.0050501989239,"exp4",8.74988772902704,5.14243360184001,NA,NA,35.0437395897016,NA,NA,0.515530811139077,NA,1.49790569148383,5.40281271834835,0.0842209996489389,0.181890303587316,5.88383767445828e-14,-65.2628051906827,0.999999999991877,0.515530811139077,NA,35.0437395897016,0.0381495797764736,0.0783622780593755,0.16596385188574,0.0902638232336394,0.0902638232336394,0.124534805994133,"10|10|10|7.5|7.5|7.5|3.16227766016838|3.16227766016838|3.16227766016838|0.316227766016838|0.316227766016838|0.316227766016838|0.1|0.1|0.1|0.0316227766016838|0.0316227766016838|0.0316227766016838|0.01|0.01|0.01","32.2058703243767|33.2967755749532|26.616147058192|37.4495445322057|29.8724679444893|33.6756789444063|41.0863092815445|42.9950170371962|45.5778373416596|7.76008702179817|12.1586004810854|7.04631294913408|8.65757007057696|4.54812587630821|9.59480960073194|2.60440703917376|8.83419335241569|7.50835054447914|3.13406880851992|-3.04465764360612|-0.576767211117552","dt4","Definitive_rep3"
"24","Fluphenazine","Mahalanobis distance (cutoff = 1)",18,4.0050501989239,"hill",4.13948630897931,6.16812539001191,NA,NA,16.5788504652204,0.300000000001123,NA,1.20563555626103,NA,1.74862776170012,5.40281271834835,0.00202201681686497,0.720035255788984,0.000667661806539683,-79.1727191858485,0.999247385952575,1.20563555626103,NA,16.5788504652204,6.58724845715428e-05,0.000795074240060571,0.0118672313739161,0.026608521028547,0.026608521028547,0.106902917953784,"11.1111111111111|11.1111111111111|11.1111111111111|3.7037037037037|3.7037037037037|3.7037037037037|1.23456790123457|1.23456790123457|1.23456790123457|0.411522633744856|0.411522633744856|0.411522633744856|0.137174211248285|0.137174211248285|0.137174211248285|0.0316227766016838|0.0316227766016838|0.0316227766016838|0.01|0.01|0.01|0.00316227766016838|0.00316227766016838|0.00316227766016838","18.9722535336606|17.1785341983935|9.04014523006078|1.84633619276821|1.93892413684047|3.67649212487761|5.66963593140966|1.48969860092383|14.5026561269464|2.34103166412691|5.24190104613088|4.31984702025001|6.53479217903633|7.65727516632932|3.4219049593964|10.7450303727256|9.24515224792463|18.0467471473983|9.35735907400144|14.7162724536898|8.71154687972215|5.81492030103437|8.31039590077171|4.82900229065327","dt4","Definitive_rep3"
"25","Berberine chloride","Mahalanobis distance (cutoff = 1)",22,4.0050501989239,"exp5",10.8444256897426,4.4635609682877,NA,NA,43.432469265919,0.55202360424334,NA,10.5240771163358,NA,1.22560005920852,5.40281271834835,0.415871734551799,0.664020808523566,3.81242853007336e-18,-69.6190564136344,1,10.5240771163358,NA,43.432469265919,0.0941422414997521,0.346813501618751,1.35045771993205,0.29715775059467,0.29715775059467,0.527755677723651,"100|100|100|75|75|75|33.3333333333333|33.3333333333333|33.3333333333333|11.1111111111111|11.1111111111111|11.1111111111111|3.7037037037037|3.7037037037037|3.7037037037037|1.23456790123457|1.23456790123457|1.23456790123457|0.411522633744856|0.411522633744856|0.411522633744856|0.137174211248285|0.137174211248285|0.137174211248285","38.034992704594|39.8302685802025|37.4047516265364|41.4806677385104|38.7669365874124|39.1342388199522|25.8544567537283|29.2042564250081|33.3398778749753|20.600209713523|26.0555702889572|29.2735367781533|15.3151209367218|4.10768139572873|12.3873828015402|4.38340357580809|7.11339537357075|19.682197830594|0.297200969742017|5.7712119138073|4.95671998837512|9.73992273492701|7.60667681422012|2.12659691160209","dt4","Definitive_rep3"
"26","Rapamycin","Mahalanobis distance (cutoff = 1)",22,4.0050501989239,"pow",9.89251075386984,8.71155632305167,16.1289262651411,NA,NA,0.300000030521634,NA,NA,NA,1.96523093868682,5.40281271834835,0.0182705663107858,0.0390399921407893,1.24506953991659e-11,-86.391439618112,0.99999999998688,1.98425178139126,NA,39.6200021626433,0.000921008810349663,0.00928318491621964,0.0935686186932461,0.00962369601382038,0.00962369601382038,0.02610447827796,"20|20|20|15|15|15|6.32455532033676|6.32455532033676|6.32455532033676|2|2|2|0.632455532033676|0.632455532033676|0.632455532033676|0.2|0.2|0.2|0.0632455532033676|0.0632455532033676|0.0632455532033676|0.02|0.02|0.02","31.1842319042269|36.2416073218615|45.5513157782579|39.7447489087966|37.5998775552452|40.4422645392074|20.0682911877143|18.7908201379207|21.9599651612583|13.3582516802748|24.0289581483591|25.5122540392185|20.5703555055463|9.70397163382708|17.292061083178|20.7308703814223|16.7501771168357|25.5163980756832|3.53200015938034|6.59067761289648|3.01693583015565|24.5839552713027|25.7750353478734|13.6036568401151","dt4","Definitive_rep3"
"27","Amperozide","Mahalanobis distance (cutoff = 1)",20,4.0050501989239,"exp3",23.7122191192019,7.1978229899003,5.85611762404849,12.509574966783,NA,0.583965344927195,NA,NA,NA,1.70523888435456,5.40281271834835,5.76393483342691,6.41933338708327,2.45888911334396e-12,-72.4615521452627,0.999999999895705,48.6097843681398,NA,94.968627900287,5.12403848632491,11.7446162805581,23.5067575502049,4.09746182034138,4.09746182034138,6.04035336633981,"75|75|75|33.3333333333333|33.3333333333333|33.3333333333333|11.1111111111111|11.1111111111111|11.1111111111111|3.7037037037037|3.7037037037037|3.7037037037037|1.23456790123457|1.23456790123457|1.23456790123457|0.411522633744856|0.411522633744856|0.411522633744856|0.137174211248285|0.137174211248285|0.137174211248285","80.7880981929913|95.9720320852559|107.157236645873|27.8993778939989|25.4778740196588|24.3399702457813|11.8302675375444|12.9503374570296|5.67654425439175|6.24229022533869|8.04358139468884|7.791561490348|10.266157425451|12.7537848436232|13.6940505663776|5.4533015517743|4.89300580444598|8.31994591165512|3.6752794041614|7.63819430946264|12.2442969885665","dt4","Definitive_rep3"
"28","Latrunculin B","Mahalanobis distance (cutoff = 1)",19,4.0050501989239,"hill",32.1043984284518,12.0042758514817,NA,NA,128.579727312203,0.842348491508877,NA,1.5877860340338,NA,2.21511777879983,5.40281271834835,0.029308215086385,0.0515685174553998,2.21081834501747e-13,-81.7748648268657,0.999999999998031,1.5877860340338,NA,128.579727312203,0.0481626693972008,0.116938144588997,0.306233133912454,0.0268273612678246,0.0268273612678246,0.0387918213094161,"7.5|7.5|7.5|3.16227766016838|3.16227766016838|3.16227766016838|1|1|1|0.316227766016838|0.316227766016838|0.316227766016838|0.1|0.1|0.1|0.0316227766016838|0.0316227766016838|0.0316227766016838|0.01|0.01|0.01","107.149773302659|104.019556319782|100.076072604163|51.8592599038845|81.1268047110998|72.467129726522|69.8982488655059|61.2924887505466|68.5845841201443|8.75984152112846|4.36519521346037|8.4920509282533|10.6993233152384|17.1614881659256|13.8120545727383|10.2303466008062|8.87944819137784|5.39466109833449|1.62252362622987|2.85280760020338|9.67573531794574","dt4","Definitive_rep3"
"29","Fenbendazole","Mahalanobis distance (cutoff = 1)",18,4.0050501989239,"pow",4.10292534096724,5.21359554951169,18.8535260053487,NA,NA,0.300000024038222,NA,NA,NA,1.54526372968121,5.40281271834835,0.00710417747021164,0.0413344929094519,1.87799754013709e-05,-56.4568502031498,0.99996530852528,0.062747547671264,NA,16.4324219530108,2.91248495725448e-05,0.000293560034063934,0.00295889918280833,0.00571985182194963,0.00571985182194963,0.0155152189600375,"0.632455532033676|0.632455532033676|0.632455532033676|0.2|0.2|0.2|0.0632455532033676|0.0632455532033676|0.0632455532033676|0.02|0.02|0.02|0.00632455532033676|0.00632455532033676|0.00632455532033676|0.002|0.002|0.002","13.6824989911761|21.4288065826071|23.9986682395964|4.81789826685042|4.20180198519071|7.25394924225006|6.06058581460296|4.25619434838614|4.29517372718404|16.8572472628142|11.8779987586049|7.16709317206478|6.93857430965587|10.1887836832947|8.3797430005487|5.00754832351211|6.55491314078356|4.44833774774806","dt4","Definitive_rep3"
"30","Taxol","Mahalanobis distance (cutoff = 1)",15,4.0050501989239,"exp3",24.6384377813977,8.89714008097985,11.2485279825033,0.0263970007616938,NA,0.300002048879336,NA,NA,NA,2.01950607448705,5.40281271834835,0.0010096167833795,0.00130668471087257,1.06751987176931e-10,-54.4243803471665,0.999999999620603,0.14993289267921,NA,98.6781801375611,0.000906426875292853,0.00565272719216121,0.0275799870948418,0.000501829178544826,0.000501829178544826,0.00116623602867664,"0.411522633744856|0.411522633744856|0.411522633744856|0.137174211248285|0.137174211248285|0.137174211248285|0.0316227766016838|0.0316227766016838|0.0316227766016838|0.01|0.01|0.01|0.00316227766016838|0.00316227766016838|0.00316227766016838","121.855292765956|89.5674169136754|102.940745881966|37.2513151127566|39.8139171701385|39.490335994857|28.1805015188049|30.2044584601675|28.0781739552205|6.28654313330618|8.24572106831269|16.7419614538|14.2188547174354|14.254275002708|12.3915542169682","dt4","Definitive_rep3"
"31","5-Nitro-2-(3-phenylpropylamino)benzoic acid","Mahalanobis distance (cutoff = 1)",32,4.90643084135104,"poly1",5.08584334099059,9.72437333614469,0.249533386225161,NA,NA,NA,NA,NA,NA,1.99101807969266,6.61877520498255,22.4112388149244,32.2984305840502,1.23885630508828e-10,-175.499653578435,0.999974606906263,50,NA,24.9533386225161,5,10,20,19.6624223939471,19.6624223939471,26.5246078094346,"100|100|100|100|100|100|75|75|75|75|75|75|33.3333333333333|33.3333333333333|33.3333333333333|33.3333333333333|33.3333333333333|33.3333333333333|11.1111111111111|11.1111111111111|11.1111111111111|11.1111111111111|11.1111111111111|11.1111111111111|3.7037037037037|3.7037037037037|3.7037037037037|3.7037037037037|3.7037037037037|3.7037037037037|1.23456790123457|1.23456790123457|1.23456790123457|1.23456790123457|1.23456790123457|1.23456790123457|0.411522633744856|0.411522633744856|0.411522633744856|0.411522633744856|0.411522633744856|0.411522633744856|0.137174211248285|0.137174211248285|0.137174211248285|0.137174211248285|0.137174211248285|0.137174211248285","38.7518830646289|22.4275041702997|30.165312248219|22.5532383414783|37.2807114740825|22.7278727364875|26.8148531673608|12.3215357974518|14.4904583326163|9.57690891781003|17.5247727513092|5.97726556582425|23.1079928107643|6.41402066919494|18.8786235975237|4.26144629365352|4.36316632112503|1.78678936898415|5.77485879524428|0.0392779181993248|31.7506086421052|-1.93900329374006|8.44682901358317|-1.38542383348265|16.3234072655691|7.54473926981823|3.52240080492743|9.96291528450215|-1.2857703022025|4.01731048286673|11.4337502078038|10.4543711567365|11.2889689734534|0.240741563770184|-3.76442041868088|4.92726747950319|12.3228929119957|2.05479791312345|6.98282869287879|-2.74876639301791|3.07928306904428|0.798898661775997|32.4342975911477|8.13388807500157|13.2907478410888|2.40617216811171|5.06798485116349|11.6637286485897","dt4","Definitive_rep4"
"32","Berberine chloride","Mahalanobis distance (cutoff = 1)",41,4.90643084135104,"hill",6.88082920589088,4.69879843337674,NA,NA,33.760312629852,0.739878081115711,NA,7.30539059525621,NA,1.35234952663739,6.61877520498255,0.835456372514729,1.40689954942194,4.87811666605103e-30,-143.379410382411,0.999999999999455,7.30539059525621,NA,33.760312629852,0.136556784855214,0.374898797021792,1.12179833801185,0.666331365333721,0.666331365333721,1.08473109078757,"0.137174211248285|0.137174211248285|0.137174211248285|100|100|100|0.411522633744856|0.411522633744856|0.411522633744856|75|75|75|1.23456790123457|1.23456790123457|1.23456790123457|33.3333333333333|33.3333333333333|33.3333333333333|3.7037037037037|3.7037037037037|3.7037037037037|11.1111111111111|11.1111111111111|11.1111111111111|11.1111111111111|11.1111111111111|11.1111111111111|3.7037037037037|3.7037037037037|3.7037037037037|33.3333333333333|33.3333333333333|33.3333333333333|1.23456790123457|1.23456790123457|1.23456790123457|75|75|75|0.411522633744856|0.411522633744856|0.411522633744856|100|100|100|0.137174211248285|0.137174211248285|0.137174211248285","2.62580927997557|-0.670831908324256|-6.04115818738743|26.3662323977179|29.3672933685007|34.3797280135228|-0.681826444405161|7.45685843647852|-0.0361745501008581|33.1242123121118|23.4459241893178|36.0562329790367|2.85423681123364|5.70118045425835|7.03905091997089|14.6383553298753|25.5967908889301|28.1033341604916|6.94547992571956|11.6475066981325|13.7307550833357|21.0849352946074|18.8418873355773|17.9136845704284|21.299601744911|26.155406848016|25.7467914149109|10.4348343671056|18.9491866050666|6.7879418744545|22.0978762542745|21.0277065392587|24.323202234061|7.95215353973666|9.89629153513911|7.93502567025631|26.819851866291|30.4537204898657|34.0646854998483|7.3231820645441|11.6477884356621|5.09314937990193|17.1522515448865|26.3494928841301|31.9998432741617|11.9557213364695|3.92052960550661|-2.97608982448137","dt4","Definitive_rep4"
"33","Tetrandrine","Mahalanobis distance (cutoff = 1)",24,4.90643084135104,"exp4",9.75689954722312,8.2364003402819,NA,NA,47.8715528544595,NA,NA,1.76062571090279,NA,1.85929972848807,6.61877520498255,0.300466606837302,0.475303283361585,2.14802805654414e-17,-105.713583962653,0.999999959540984,1.76062571090279,NA,47.8715528544595,0.130287326311669,0.267620554456114,0.566794880920642,0.274662211214472,0.274662211214472,0.377966448026832,"0.137174211248285|0.137174211248285|0.137174211248285|0.411522633744856|0.411522633744856|0.411522633744856|1.23456790123457|1.23456790123457|1.23456790123457|11.1111111111111|11.1111111111111|11.1111111111111|3.7037037037037|3.7037037037037|3.7037037037037|3.7037037037037|3.7037037037037|3.7037037037037|11.1111111111111|11.1111111111111|11.1111111111111|1.23456790123457|1.23456790123457|1.23456790123457|0.411522633744856|0.411522633744856|0.411522633744856|0.137174211248285|0.137174211248285|0.137174211248285","4.22982734645319|5.59772761610595|5.87760065580371|-2.07718942109386|-0.725949784606513|11.7112541680274|14.894674377421|4.45301837400149|18.9410780211722|45.2713427921018|69.5700753483821|40.065572262442|45.6736480392803|29.4694479186456|33.415476644421|35.2189030769503|51.4009279589092|38.9330126988791|40.0326172870202|47.0064424525062|62.0484566740072|20.1888275975207|24.2693082228401|3.91216461457417|19.8059304296563|10.5116901709374|9.93183348652718|1.73566018450936|5.18519950809744|5.76980578836829","dt4","Definitive_rep4"
"34","Amperozide","Mahalanobis distance (cutoff = 1)",28,4.90643084135104,"pow",10.4440499245412,7.80400206194665,2.13256749979602,NA,NA,0.736366251836768,NA,NA,NA,1.72106507489742,6.61877520498255,4.19165225858957,5.19718965018449,3.0101648787301e-21,-143.293542540287,0.999999923223084,29.2588025709339,NA,51.243008658379,1.28302961415247,3.28882977449763,8.43035980332153,3.10039481045611,3.10039481045611,4.6556016345221,"75|75|75|75|75|75|33.3333333333333|33.3333333333333|33.3333333333333|33.3333333333333|33.3333333333333|33.3333333333333|11.1111111111111|11.1111111111111|11.1111111111111|11.1111111111111|11.1111111111111|11.1111111111111|3.7037037037037|3.7037037037037|3.7037037037037|3.7037037037037|3.7037037037037|3.7037037037037|1.23456790123457|1.23456790123457|1.23456790123457|1.23456790123457|1.23456790123457|1.23456790123457|0.411522633744856|0.411522633744856|0.411522633744856|0.411522633744856|0.411522633744856|0.411522633744856|0.137174211248285|0.137174211248285|0.137174211248285|0.137174211248285|0.137174211248285|0.137174211248285","48.5894909890422|73.5422471822216|57.714039225619|44.4007332816821|54.0327911159394|45.3112953814323|32.6126974236881|28.3353989025368|37.3081204848433|29.054924268368|21.8826068825463|27.807954899276|6.18158426270388|5.5969466468274|21.7889976372365|9.14253496290944|11.6394498743655|3.09546970936877|9.14834610799057|0.382493688464502|25.4234109980391|7.48524025340675|-2.29196798572243|1.8526733317925|3.86692785589864|7.60499447641519|2.43109593050037|6.89355127230059|0.602689098560145|9.60891590602473|14.559144115377|-0.38574873274448|6.09891656807359|6.5997524141386|4.83654706672215|-0.719294037096567|24.0979685761577|1.5092810063572|7.28361979979726|2.50286975502373|4.16079380875063|3.76287002828039","dt4","Definitive_rep4"
"35","Fluphenazine","Mahalanobis distance (cutoff = 1)",17,4.90643084135104,"poly1",5.70240547786096,7.08905218045049,2.51806122958195,NA,NA,NA,NA,NA,NA,1.62048903589851,6.61877520498255,2.32947240209458,3.02290081653757,1.35192076638313e-10,-99.8484645410878,0.99935686314971,5.55555555555555,NA,27.9784581064661,0.555555555555555,1.11111111111111,2.22222222222222,1.94849544709665,1.94849544709665,2.62852035813339,"11.1111111111111|11.1111111111111|11.1111111111111|11.1111111111111|11.1111111111111|11.1111111111111|3.7037037037037|3.7037037037037|3.7037037037037|3.7037037037037|3.7037037037037|3.7037037037037|1.23456790123457|1.23456790123457|1.23456790123457|1.23456790123457|1.23456790123457|1.23456790123457|0.411522633744856|0.411522633744856|0.411522633744856|0.411522633744856|0.411522633744856|0.411522633744856|0.137174211248285|0.137174211248285|0.137174211248285|0.137174211248285|0.137174211248285|0.137174211248285","35.7721205029843|32.2927031991395|28.3222104609296|26.918943011678|27.4359652042855|20.9700401526059|13.5504817842892|6.86456333969085|-2.79773826880644|2.66722505362983|11.3911778306678|6.26060828746059|1.06907530720117|1.54649192985928|9.71761133248936|-1.79793486060495|13.9038002683234|0.46908223240367|2.15797337822415|21.4243871849626|-0.976045027447364|15.4198249538635|5.14380279465882|0.418308305247871|7.14449251632603|-1.80016485128444|0.494542281519065|0.704857860623418|16.2098931288426|2.10382367162628","dt4","Definitive_rep4"
"36","PFHxS","Mahalanobis distance (cutoff = 1)",17,5.42898978553649,"pow",1.75901765883988,8.34736293030682,3.21663349304519,NA,NA,0.363241159538466,NA,NA,NA,1.69250249913712,7.32370722068872,4.61145914418468,26.1090448541014,8.14602782046705e-05,-109.649645622198,0.989875588169388,2.9668584814068,NA,9.54968890242001,0.00523968101297623,0.035321408458227,0.238106459607595,4.22477031718654,4.22477031718654,9.63218817246153,"20|20|20|20|13.33333|13.33333|13.33333|13.33333|8.888889|8.888889|8.888889|8.888889|5.925926|5.925926|5.925926|5.925926|3.950617|3.950617|3.950617|3.950617|2.633745|2.633745|2.633745|2.633745|1.75583|1.75583|1.75583|1.75583|1.170553|1.170553|1.170553|1.170553","28.6427727377028|9.58176744311749|15.0023308830164|39.2178866327308|1.6627002076258|2.93564773978655|10.156727299398|-0.034644520864223|0.309466801402202|3.58814942315722|8.5195049040776|11.2980851456428|7.05183023502815|4.48801453566388|7.30469589230534|6.590545105134|-3.31428513470496|-2.87608820265984|1.36048621102579|2.13119428003341|10.6000158870856|20.5189237313861|6.03144825379028|5.92068926966707|15.6460516684467|2.53870511615586|0.556928635821034|7.9720070983779|1.5448287966023|4.2005932219667|3.12004662124286|13.2279244775254","dt4","PFAS"
"37","PFBS","Mahalanobis distance (cutoff = 1)",18,5.42898978553649,"pow",2.57955024630676,12.9831981956745,3.29072507204658,NA,NA,0.483441133811598,NA,NA,NA,1.92130748427888,7.32370722068872,3.12596771039431,10.2565303018436,2.02289207030966e-05,-117.336715516353,0.999673968416125,4.76813117976023,NA,14.0043519384775,0.0407233997700372,0.170814930356363,0.716485868012348,2.81675798130916,2.81675798130916,5.23214526583075,"20|20|20|20|13.33333|13.33333|13.33333|13.33333|8.888889|8.888889|8.888889|8.888889|5.925926|5.925926|5.925926|5.925926|3.950617|3.950617|3.950617|3.950617|2.633745|2.633745|2.633745|2.633745|1.75583|1.75583|1.75583|1.75583|1.170553|1.170553|1.170553|1.170553","28.1641005330332|10.131404229044|13.7781758650491|16.0344750961319|20.4577617152279|2.25343730497494|10.8511291129945|4.51590510575327|13.5732990360736|2.12226622287386|1.27865024633557|16.5361995403065|21.5325244001961|5.23729756827356|25.8617324064754|-0.425526368064819|9.03307935184052|0.695079691019384|-2.87365471399536|6.08136446223526|4.06063491810308|10.5375373274408|13.7339661788354|-1.83737794254402|9.88998053641042|-1.71209108921977|10.7621155055352|6.76148092971728|64.8826129071653|4.67136859362057|-0.957757793267866|0.995495264338096","dt4","PFAS"
"38","PFOA","Mahalanobis distance (cutoff = 1)",18,5.42898978553649,"exp2",4.53534128860668,7.42293728579431,2.52643033947639,8.42274178945191,NA,NA,NA,NA,NA,1.89279586780548,7.32370722068872,10.3144834388689,13.3728275573844,2.52709863645294e-05,-111.654612647567,0.999656642944811,14.9112558991281,NA,24.6223215297675,3.34348165900896,5.73050050214793,9.10942045587761,9.66127311812119,9.66127311812119,11.460639849826,"20|20|20|20|13.33333|13.33333|13.33333|13.33333|8.888889|8.888889|8.888889|8.888889|5.925926|5.925926|5.925926|5.925926|3.950617|3.950617|3.950617|3.950617|2.633745|2.633745|2.633745|2.633745|1.75583|1.75583|1.75583|1.75583|1.170553|1.170553|1.170553|1.170553","37.8447139873959|13.3669453000071|31.2613891971098|18.3059056937283|10.3540579494412|16.7439530560154|10.7164574199699|0.876504923743354|-1.6788472101301|17.2033771010567|2.30151734147366|-3.74985909596058|15.2258253041177|3.94681011219279|-3.32630494461923|-5.3132121243639|6.08960439090054|15.3663581436979|-1.26538211536594|5.4500404065015|1.93465468661537|9.37528535659743|-5.62242481197144|-0.312153864211734|4.17095096602072|9.98271898201212|-4.88476744730233|-1.80278294870932|11.8224316692645|-0.373511894745608|6.39772484916941|7.97492931184948","dt4","PFAS"
"39","Berberine chloride","Mahalanobis distance (cutoff = 1)",7,5.70509187642263,"poly2",9.76673566011279,5.75585967347202,-240.1748599462,-118.26464027967,NA,NA,NA,NA,NA,1.70103137182589,7.69616894129413,3.66827136247527,4.18778766868909,2.52431183307983e-05,-24.1192333949207,0.999974756846935,15.8402045224122,NA,55.7201242736767,1.38815260690426,2.81050835237197,5.76883373831806,2.87935014402845,2.87935014402845,3.91957940111515,"100|75|33.33333333|11.11111111|3.703703704|1.234567901|0.411522634|0.137174211","33.3107547873676|50.6175380311443|56.1356692455024|12.2439242646276|10.0088175199213|9.00031933463264|4.72338885035007|7.08537839370154","dt4","2025-03-27_EC-ESRAB"
"40","Fluazinam","Mahalanobis distance (cutoff = 1)",8,15.4534043010519,"poly2",2.08965291573917,7.74541070872799,-145.972178360442,-0.933336039118622,NA,NA,NA,NA,NA,1.85927885254539,20.846642402119,0.14020979839462,0.221037010335879,2.87518275134558e-07,-81.8456683128313,0.999101876834825,0.118208512220452,NA,32.2922513557893,0.0104405113389577,0.0211256107647097,0.0433040678704814,0.112326415889048,0.112326415889048,0.161098356103867,"0.625|0.625|0.625|0.1953125|0.1953125|0.1953125|0.061035156|0.061035156|0.061035156|0.019073486|0.019073486|0.019073486|0.005960464|0.005960464|0.005960464|0.001862645|0.001862645|0.001862645|0.000582077|0.000582077|0.000582077|0.000181899|0.000181899|0.000181899","24.6571190720998|34.9819034839766|35.4290683380621|17.5217513852209|27.47032081301|28.5922569414531|-3.58019365976434|-6.02359814444602|17.1845517829001|6.68772207174729|-2.35834919974368|19.9645492428423|6.21974975414991|5.16950783161247|-1.91970034768056|13.9158449105846|-4.37840365881383|1.06962097957425|2.34753869019978|2.31003669008635|4.03096211060626|-7.3177840170261|-12.8581687321562|1.27626690139627","dt4","Feb_28"
"41","Etoposide","Mahalanobis distance (cutoff = 1)",8,15.4534043010519,"exp4",2.5492115484826,8.9391634187994,NA,NA,39.3939967076121,NA,NA,0.610776158905795,NA,2.06001943033165,20.846642402119,0.424657736435974,1.07892170234565,3.24865650450884e-08,-87.9122290032144,0.999936180554969,0.610776158905795,NA,39.3939967076121,0.0451977908910255,0.0928398655561663,0.196626005239163,0.43885301709913,0.43885301709913,0.663768555087999,"4|4|4|2|2|2|0.625|0.625|0.625|0.195|0.195|0.195|0.061|0.061|0.061|0.019|0.019|0.019|0.006|0.006|0.006|0.002|0.002|0.002","18.1137067169719|51.155635981549|38.3714173855471|22.4113899860873|44.792377303388|35.5952430829578|25.611506537469|28.2864105386127|14.9069259725822|1.14709256497228|8.00778542494877|-1.27226766413689|-5.67141722081947|5.47275903927616|7.91110588137357|-8.85926443090103|15.1858171087765|1.23724811601112|-13.1686840898359|-5.7749764508356|-7.1390782281874|-9.1527944977304|1.8516421630363|-7.59196784041228","dt4","Feb_28"
"42","Docetaxel","Mahalanobis distance (cutoff = 1)",7,15.4534043010519,"pow",3.60484095083665,8.636067768189,7.99955671368576,NA,NA,0.658250977412198,NA,NA,NA,1.84435415905031,20.846642402119,3.45615318607217,5.5760004221911,3.10673931021768e-09,-85.1144353507146,0.999959723429201,6.65444929391002,NA,55.707064654267,0.201342164406663,0.577102153889376,1.65413388201729,2.71907570796747,2.71907570796747,4.28481932395489,"19.07348633|19.07348633|19.07348633|5.960464478|5.960464478|5.960464478|1.862645149|1.862645149|1.862645149|0.582076609|0.582076609|0.582076609|0.18189894|0.18189894|0.18189894|0.056843419|0.056843419|0.056843419|0.017763568|0.017763568|0.017763568|0.005551115|0.005551115|0.005551115","74.0866283182314|34.1616878868647|55.7799317462964|30.3485260672664|27.205557141393|16.4952251838872|13.8055231941554|9.21202708598106|13.0584729508726|9.76013074003442|-5.94549314166702|4.91333391364972|5.94206744565481|-1.733852403821|2.9764518980795|5.84000115847158|2.86192206030029|2.28980234035372|10.783803567259|0.928317071583923|14.4688854796149|17.0648308099831|-7.43047711718063|-4.19011244487405","dt4","Feb_28"
"43","Berberine chloride","Mahalanobis distance (cutoff = 1)",20,3.45516375241837,"poly2",14.9910465870279,44.6671569515009,12.637533995992,6.30781166059742,NA,NA,NA,NA,NA,1.83854814208398,4.66101590201239,1.69184086238443,1.94427395172345,8.52830719264437e-10,-127.533480652926,0.99999959881386,6.41093500943194,NA,51.7965207783139,1.10062443950675,1.97005100470582,3.37010714543847,1.40958950347133,1.40958950347133,1.80815422374115,"10|10|10|10|5|5|5|5|3.125|3.125|3.125|3.125|0.9765625|0.9765625|0.9765625|0.9765625|0.30517578125|0.30517578125|0.30517578125|0.30517578125|0.095367431640625|0.095367431640625|0.095367431640625|0.095367431640625|0.0298023223876953|0.0298023223876953|0.0298023223876953|0.0298023223876953|0.00931322574615479|0.00931322574615479|0.00931322574615479|0.00931322574615479","296.231279757264|49.9831405689511|56.078877793505|48.3742728808439|41.9582066111882|23.8526111964681|13.9602051918511|15.3909988564369|48.1584762532175|7.68205330041114|5.94175759006507|4.83647460124623|32.7593946751821|-1.6068253587129|0.822302483277939|-0.112018611519634|26.2057468963582|0.137288097338352|-0.470530635949919|5.82599983628301|12.4677923312556|6.60117286730418|4.02577850976567|-0.625042788278748|0.00203123290878082|4.53927670290255|-1.53189685776702|1.18292391849115|4.3232613664861|0.839031059240485|-1.86293762245103|1.16911784578598","dt4","June_24"
"44","Etoposide","Mahalanobis distance (cutoff = 1)",17,3.45516375241837,"exp4",8.97694234799696,5.19195066910703,NA,NA,31.0168058083486,NA,NA,0.640054357693972,NA,1.30736521833722,4.66101590201239,0.115641938360874,0.194288483305061,1.08811881571903e-15,-72.3219552792076,0.999999999999792,0.640054357693972,NA,31.0168058083486,0.0473643946249771,0.0972902423424682,0.206051479996775,0.109057760243231,0.109057760243231,0.150368091837369,"10|10|10|5|5|5|3.125|3.125|3.125|0.9765625|0.9765625|0.9765625|0.30517578125|0.30517578125|0.30517578125|0.095367431640625|0.095367431640625|0.095367431640625|0.0298023223876953|0.0298023223876953|0.0298023223876953|0.00931322574615479|0.00931322574615479|0.00931322574615479","31.1417766542725|26.7806220565736|34.6546411028962|38.3379184275437|22.1753252614302|29.9418075593053|37.1511369160437|28.9400296399099|28.2924157391903|18.3226629780527|21.9432849119312|20.7244196544196|7.67834166322972|19.7502057915931|4.58899598487543|2.30988940737784|7.58994045801693|0.106430452266432|-2.42504776687735|0.969355692831613|2.06104685193535|15.3239824153843|-2.79090437387665|2.27544311254195","dt4","June_24"
"45","Lys05","Mahalanobis distance (cutoff = 1)",19,3.45516375241837,"exp3",14.2041471007654,6.71586493673293,3.83696479523165,2.85509223026467,NA,0.384918287306573,NA,NA,NA,1.30617698516561,4.66101590201239,1.47135156522744,1.69492756430426,4.71754737979018e-14,-73.6127246749214,0.999999999982678,17.3047095059205,NA,49.0776541965831,0.458017830928822,1.72539053985064,5.30423385387655,0.903243959534229,0.903243959534229,1.57393589016796,"35|35|35|17.5|17.5|17.5|10.9375|10.9375|10.9375|3.41796875|3.41796875|3.41796875|1.068115234375|1.068115234375|1.068115234375|0.333786010742188|0.333786010742188|0.333786010742188|0.104308128356934|0.104308128356934|0.104308128356934|0.0325962901115417|0.0325962901115417|0.0325962901115417","48.9169834409413|76.3812659993342|49.636122909915|19.6627223826323|20.6823644013341|23.7667683264769|12.9408037967411|16.6598449784108|25.4725569309879|6.26549787815863|13.2037471386864|9.85206244690839|4.45025735504961|9.72399102467877|7.91666064379676|5.39201980105987|8.30560373009346|2.88907563372437|-3.78798887620986|-3.5338771612571|0.628242316318897|-2.14799755183256|0.307905800970726|0.890790277939313","dt4","June_24"
"46","Bafilomycin A1","Mahalanobis distance (cutoff = 1)",19,3.45516375241837,"exp5",5.18943396804168,3.76959285051453,NA,NA,17.9303441419463,7.97962357327237,NA,0.00503285027206404,NA,1.14044191262197,4.66101590201239,0.00411588935951975,0.00518783043423697,1.86680151696243e-14,-66.524403448792,0.999999999999523,0.00503285027206404,NA,17.9303441419463,0.0036316791080255,0.00397451751544109,0.00436643248606281,0.00434374808592512,0.00434374808592512,0.00453339024920399,"0.5|0.5|0.5|0.25|0.25|0.25|0.15625|0.15625|0.15625|0.048828125|0.048828125|0.048828125|0.0152587890625|0.0152587890625|0.0152587890625|0.00476837158203125|0.00476837158203125|0.00476837158203125|0.00149011611938477|0.00149011611938477|0.00149011611938477|0.000465661287307739|0.000465661287307739|0.000465661287307739","13.0948894386094|15.5412672203415|18.5626134389511|22.5068956874561|23.1516892534891|17.7947796266498|20.1641311606267|20.4054676653205|25.5677064876505|14.6408121942659|13.3933252700269|13.372748928982|18.607854409795|16.7998535575762|18.2584875972766|6.42142659153725|2.56487753766555|15.7511435497373|0.0875515936962881|-3.67947025350301|-0.432559835191098|1.09594952831787|-3.64206627676786|3.25791699942599","dt4","June_24"
"47","Ca-074-Me","Mahalanobis distance (cutoff = 1)",17,3.45516375241837,"exp4",21.1734487037867,5.25393672498825,NA,NA,73.1577324750136,NA,NA,2.26528741591069,NA,1.49811324376907,4.66101590201239,0.186383431653377,0.246771649989008,5.32304198353025e-15,-65.3729890410393,0.999999999949389,2.26528741591069,NA,73.1577324750136,0.167632585914662,0.344330694760569,0.729259662176445,0.158113743559138,0.158113743559138,0.215146864000679,"5|5|5|3.125|3.125|3.125|0.9765625|0.9765625|0.9765625|0.30517578125|0.30517578125|0.30517578125|0.095367431640625|0.095367431640625|0.095367431640625|0.0298023223876953|0.0298023223876953|0.0298023223876953|0.00931322574615479|0.00931322574615479|0.00931322574615479","69.7609988170066|53.5931763749697|60.9647780425542|40.9200901560951|44.2864626351384|34.2715574384992|24.1582575127106|22.8411128697076|20.822706911102|7.49400148673996|9.90221077614709|4.31555328179292|-1.22092001240931|-0.817255830586507|-4.93024650028252|-5.68747207363884|-4.66189989349966|-4.07377782692238|-2.68611853405867|-4.86551032984524|-2.15662656751551","dt4","June_24"
"48","Actinomycin D","Mahalanobis distance (cutoff = 1)",17,3.45516375241837,"exp4",7.9038281324276,4.95358788052267,NA,NA,27.3090204685084,NA,NA,0.0359118555140956,NA,1.34248453246334,4.66101590201239,0.00663482829787344,0.0133498615980027,6.40945904648712e-14,-62.9825735428676,0.99999999999978,0.0359118555140956,NA,27.3090204685084,0.00265749818876798,0.0054587131294942,0.011561035229523,0.00700837910834087,0.00700837910834087,0.00969597196417882,"1.25|1.25|1.25|0.78125|0.78125|0.78125|0.244140625|0.244140625|0.244140625|0.0762939453125|0.0762939453125|0.0762939453125|0.0238418579101562|0.0238418579101562|0.0238418579101562|0.00745058059692383|0.00745058059692383|0.00745058059692383|0.0023283064365387|0.0023283064365387|0.0023283064365387","29.5472332991176|25.2350244158381|32.4702353538979|23.4080209537067|23.2836057462312|25.7620592926558|28.4743034003883|26.7063870275001|31.2146234576027|21.8831910967969|19.1779099940097|21.6945620420136|4.04182340558191|18.4112095076972|24.5083810492143|-0.341016039002803|3.52898188729513|-3.44966299271686|-2.18880141837287|-3.12525606083025|4.44898417884266","dt4","June_24"
"49","cucurbitacin","Mahalanobis distance (cutoff = 1)",14,3.45516375241837,"exp3",23.7238028239765,8.19160972323687,11.3009174626275,0.2287715470514,NA,0.388786105802122,NA,NA,NA,1.88426042027533,4.66101590201239,0.0134916575489242,0.0167295148478696,7.37638592243616e-11,-63.533289503428,0.999999997793486,0.685157851294811,NA,81.9696235869244,0.0111976230492695,0.0481115651245603,0.172657165582443,0.00764486614657036,0.00764486614657036,0.0148479789928206,"1.5625|1.5625|1.5625|0.48828125|0.48828125|0.48828125|0.152587890625|0.152587890625|0.152587890625|0.0476837158203125|0.0476837158203125|0.0476837158203125|0.0149011611938477|0.0149011611938477|0.0149011611938477|0.00465661287307739|0.00465661287307739|0.00465661287307739","83.8165438262249|92.0278036597862|72.2154557494198|21.4193939571304|24.048963066469|30.5843495221964|28.3121906027738|36.5213868815855|22.6496391661989|8.73155421502679|14.6942712373714|8.37722163302666|1.6546550631523|7.99435053999444|3.30385138270693|-3.01227096508591|0.827312108999829|-4.41483135118583","dt4","June_24"
"50","5-Nitro-2-(3-phenylpropylamino)benzoic acid","Mahalanobis distance (cutoff = 1)",12,8.34831549298549,"pow",2.04138457330257,11.6926563263384,4.28069674754752,NA,NA,0.300004609505691,NA,NA,NA,1.87197576086642,11.2618776000374,10.8100505950172,76.2364379714839,5.65330207797941e-05,-87.0704553191532,0.998208156070713,9.92160878751143,NA,17.0421224604434,0.00460574597525815,0.0464213624412959,0.467881403464805,9.26687087206759,9.26687087206759,25.1361997161324,"100|100|100|75|75|75|31.62|31.62|31.62|10|10|10|3.16|3.16|3.16|1|1|1|0.32|0.32|0.32|0.1|0.1|0.1","64.1713749252489|28.0868703558141|15.6707183823071|20.9333753981245|2.81746501248166|9.09305303201182|16.7103659896216|3.50749885206776|8.0787676420751|9.1598909064935|3.45178276662015|7.2984700851118|13.4152934207719|1.09834800460506|10.5694760089672|11.8853138585557|3.22789530383178|3.87097512795143|7.73222472591207|6.50426332571665|-1.00080094860263|19.1539012112594|8.82075004691314|-2.33030577865621","dt4","Oct_24_AY"
"51","Metoclopramide","Mahalanobis distance (cutoff = 1)",7,8.34831549298549,"exp2",2.05366071511805,29.5385717504826,0.000150914924404502,8.59070602242853,NA,NA,NA,NA,NA,1.84323867482441,11.2618776000374,93.7538441324766,101.196261111119,0.0542550934204887,-97.8028147179173,0.915793276392501,94.0454519599833,NA,17.1446075653557,74.2659813527176,80.2198489165414,86.1740945027298,93.818002172697,93.818002172697,96.3897064822667,"100|100|100|75|75|75|31.62|31.62|31.62|10|10|10|3.16|3.16|3.16|1|1|1|0.32|0.32|0.32|0.1|0.1|0.1","20.5936636703284|20.0629330337104|8.36109372739265|5.81248933993869|-1.7646788580074|-1.12137722316042|7.24299797739515|-5.04986545851385|1.19431284620183|-1.26869233695519|4.43415401999957|3.29416750315353|-0.907888436066017|-2.63152450903037|2.98110963604346|54.9419954514022|-3.65300666531768|-0.622052844102193|128.160669578002|-2.52016736631461|-1.84168311988297|32.1317031135917|13.3691450914519|1.11715183986813","dt4","Oct_24_AY"
"52","Fluphenazine","Mahalanobis distance (cutoff = 1)",15,8.34831549298549,"exp3",6.79938094932877,8.46692088378507,2.34227526524431,0.99079143114803,NA,0.389994112586188,NA,NA,NA,1.87777545394804,11.2618776000374,3.87686384977553,4.66345326524431,6.17811725803628e-11,-85.1503511617426,0.999999949073741,11.1893794787552,NA,56.7633773219917,0.54800235830823,1.68691556564561,4.25834663960932,2.89045090071664,2.89045090071664,4.2173362223707,"20|20|20|15|15|15|6.32455532033676|6.32455532033676|6.32455532033676|2|2|2|0.632455532033676|0.632455532033676|0.632455532033676|0.2|0.2|0.2|0.0632455532033676|0.0632455532033676|0.0632455532033676|0.02|0.02|0.02","56.0025286548254|60.5233968149988|79.2674239598832|28.1262990148855|26.4585885921323|37.3427599902234|19.2325648612862|15.185530101174|18.2407244310866|13.2459456078561|3.36508901551489|6.37093294193641|2.13823936030767|5.04773702131892|0.616615689960597|4.71565166928736|6.29773964086449|9.01967953388422|3.55777428285583|14.6211653556604|7.47152181922976|10.4847459673785|13.6969654343915|15.2220966211818","dt4","Oct_24_AY"
"53","Rotenone","Mahalanobis distance (cutoff = 1)",15,8.34831549298549,"pow",6.1717679171255,7.17007729331171,46.4819542533009,NA,NA,0.461707847655189,NA,NA,NA,1.90403162623006,11.2618776000374,0.0362561232838509,0.0627542828730289,7.67904194620302e-11,-73.0007540138971,0.999999972187776,0.278531429085152,NA,51.5238657216496,0.00190108888533837,0.00853089893074821,0.0382813434594815,0.0242627911350643,0.0242627911350643,0.0464012813002414,"1.249875|1.249875|1.249875|0.52699357206706|0.52699357206706|0.52699357206706|0.16665|0.16665|0.16665|0.052699357206706|0.052699357206706|0.052699357206706|0.016665|0.016665|0.016665|0.0052699357206706|0.0052699357206706|0.0052699357206706|0.0016665|0.0016665|0.0016665","57.4662279722659|59.275149216568|42.3667121410719|26.2434838298953|37.1946300614027|27.4872572627143|21.7834692947778|26.8613842835075|10.3312192807778|0.876499332068807|19.3449994587908|17.1402731017989|13.2153947491832|-0.219288213138181|15.1453580998767|1.44652208348935|9.35303991361801|-2.60576242228289|1.40274920976722|-1.44282686434263|15.5418909709799","dt4","Oct_24_AY"
"54","Rapamycin","Mahalanobis distance (cutoff = 1)",16,8.34831549298549,"pow",4.04888484294977,13.5232763225014,14.7657207501146,NA,NA,0.300000055343747,NA,NA,NA,2.07157659370373,11.2618776000374,0.236427090938857,0.772287137995781,3.14887480334896e-06,-69.1398041418209,0.999988670404285,1.56855133305098,NA,33.8013680637117,0.000728058066122013,0.00733836233653878,0.0739660259094033,0.149444806524273,0.149444806524273,0.405372154104234,"15.81|15.81|15.81|5|5|5|1.58|1.58|1.58|0.5|0.5|0.5|0.16|0.16|0.16|0.05|0.05|0.05","29.5859533986989|41.8238806026218|36.943158963941|22.2412212056635|7.58144086172404|18.0433356720534|19.4004307671002|9.91865668137994|13.0930878144687|13.7458430631903|14.2892190090322|32.8147933787935|16.9536844170225|11.3651424358485|3.29346965795269|16.1331661790389|51.9458197327054|14.0147084615364","dt4","Oct_24_AY"
"55","Tetrandrine","Mahalanobis distance (cutoff = 1)",10,8.34831549298549,"exp4",7.00424104801914,6.90302478523204,NA,NA,58.4736140577831,NA,NA,2.25044916291599,NA,1.80940067677586,11.2618776000374,0.552127151831395,0.873806892011805,1.30542208386437e-09,-51.1482262230168,0.999999850249207,2.25044916291599,NA,58.4736140577831,0.166534546565444,0.342075234404054,0.724482811658404,0.500155209169632,0.500155209169632,0.69457911497543,"10|10|10|3.16|3.16|3.16|1|1|1|0.32|0.32|0.32|0.1|0.1|0.1","46.6623263576539|68.9023767472398|55.9593234372192|39.7482569244374|33.0974076631941|34.723095247609|18.3035299030138|20.0234840894814|7.96486528509494|18.1627703621413|10.2129916154139|-1.84905764908931|-4.06210319840092|-5.75113357813952|6.46657813825391","dt4","Oct_24_AY"
"56","Fluphenazine","Mahalanobis distance (cutoff = 1)",23,5.86534873197016,"exp3",8.03768833030735,10.1891247359867,10.6128154172099,3.45014304132467,NA,0.300000995982058,NA,NA,NA,2.0328244001592,7.91235543942775,0.388246493686926,0.63291664738013,3.11302473468939e-10,-89.0401186358467,0.999999999230156,5.81798195167721,NA,47.1438450561396,0.016297370904771,0.122733364598562,0.762290466703752,0.223492997406829,0.223492997406829,0.490758241519885,"20|20|20|15|15|15|6.32455532033676|6.32455532033676|6.32455532033676|2|2|2|0.632455532033676|0.632455532033676|0.632455532033676|0.2|0.2|0.2|0.0632455532033676|0.0632455532033676|0.0632455532033676|0.02|0.02|0.02","76.8570664157652|65.9094940672012|46.2736109877022|29.103508278724|39.0454847747991|35.8523276100763|19.8229390089983|13.3646199637354|24.5737592556513|12.3757075014055|8.14622458187581|8.94740536890816|11.90768405225|14.1960352860986|13.3835638815531|8.19054743227046|14.8212958617004|11.4783557992912|10.1873501644479|19.8387090616074|9.66881701430628|3.46118711251349|12.7169458904152|19.4739276409332","dt4","Oct_24_EC"
"57","Rotenone","Mahalanobis distance (cutoff = 1)",21,5.86534873197016,"pow",8.12993346809712,8.25442416568328,44.5985585800566,NA,NA,0.300000343585244,NA,NA,NA,1.98660106995297,7.91235543942775,0.00208973287061814,0.00493259385447976,5.14364346146996e-11,-75.3321258333806,0.999999999689377,0.124003633747966,NA,47.6848949581052,5.7557894126194e-05,0.000580145684014333,0.00584748660092636,0.00115676929061566,0.00115676929061566,0.00313775781479751,"1.249875|1.249875|1.249875|0.52699357206706|0.52699357206706|0.52699357206706|0.16665|0.16665|0.16665|0.052699357206706|0.052699357206706|0.052699357206706|0.016665|0.016665|0.016665|0.0052699357206706|0.0052699357206706|0.0052699357206706|0.0016665|0.0016665|0.0016665","42.8885181616173|65.8098744235501|52.2477306762581|29.5522054841287|42.568977034645|24.9273158062219|15.83411711815|22.8203206391826|20.7211678265091|9.62181195094154|25.6855211941501|15.2440236196671|15.8750907802836|21.5784060618087|23.9494320008393|20.1636863032797|14.0849586137512|22.7450468903753|6.26924898888618|6.07747275462235|11.3871252002933","dt4","Oct_24_EC"
"58","Tetrandrine","Mahalanobis distance (cutoff = 1)",14,5.86534873197016,"pow",10.2510154584553,8.12440687497543,30.1342150509704,NA,NA,0.300000843935374,NA,NA,NA,1.95824562290081,7.91235543942775,0.00855413051273371,0.0163173837330639,5.37230526445921e-10,-53.5389251774423,0.999999998739323,0.992132105984715,NA,60.1257805206573,0.000460516873565324,0.00464168905317553,0.0467849898735869,0.00427352763364505,0.00427352763364505,0.0115920024166294,"10|10|10|3.16|3.16|3.16|1|1|1|0.32|0.32|0.32|0.1|0.1|0.1","46.8792021344074|55.4764002535636|68.0849364145969|44.2247622240546|48.9019605140708|45.0835384382928|30.4415402746123|29.7275734706046|31.2223868027203|29.2348574614232|10.6488236033966|6.70123617665752|18.5762528808151|27.8767800373394|4.60614719575996","dt4","Oct_24_EC"
